matriz,dimensao,versao,threads,objetos,tempo_ms,execucao
matriz_100x100,100 100,sequencial,1,461,0.354,1
matriz_100x100,100 100,sequencial,1,461,0.322,2
matriz_100x100,100 100,sequencial,1,461,0.303,3
matriz_100x100,100 100,sequencial,1,461,0.291,4
matriz_100x100,100 100,sequencial,1,461,0.279,5
matriz_100x100,100 100,paralelo,1,461,0.388,1
matriz_100x100,100 100,paralelo,1,461,0.358,2
matriz_100x100,100 100,paralelo,1,461,0.337,3
matriz_100x100,100 100,paralelo,1,461,0.376,4
matriz_100x100,100 100,paralelo,1,461,0.453,5
matriz_100x100,100 100,paralelo,2,461,0.312,1
matriz_100x100,100 100,paralelo,2,461,1.131,2
matriz_100x100,100 100,paralelo,2,461,0.216,3
matriz_100x100,100 100,paralelo,2,461,0.220,4
matriz_100x100,100 100,paralelo,2,461,0.230,5
matriz_100x100,100 100,paralelo,4,461,0.198,1
matriz_100x100,100 100,paralelo,4,461,0.183,2
matriz_100x100,100 100,paralelo,4,461,0.179,3
matriz_100x100,100 100,paralelo,4,461,0.173,4
matriz_100x100,100 100,paralelo,4,461,0.181,5
matriz_100x100,100 100,paralelo,8,461,0.312,1
matriz_100x100,100 100,paralelo,8,461,0.233,2
matriz_100x100,100 100,paralelo,8,461,0.253,3
matriz_100x100,100 100,paralelo,8,461,0.232,4
matriz_100x100,100 100,paralelo,8,461,0.257,5
matriz_500x500,500 500,sequencial,1,11947,4.451,1
matriz_500x500,500 500,sequencial,1,11947,4.439,2
matriz_500x500,500 500,sequencial,1,11947,10.621,3
matriz_500x500,500 500,sequencial,1,11947,4.398,4
matriz_500x500,500 500,sequencial,1,11947,4.550,5
matriz_500x500,500 500,paralelo,1,11947,4.729,1
matriz_500x500,500 500,paralelo,1,11947,4.615,2
matriz_500x500,500 500,paralelo,1,11947,4.565,3
matriz_500x500,500 500,paralelo,1,11947,4.379,4
matriz_500x500,500 500,paralelo,1,11947,4.436,5
matriz_500x500,500 500,paralelo,2,11947,2.904,1
matriz_500x500,500 500,paralelo,2,11947,2.946,2
matriz_500x500,500 500,paralelo,2,11947,2.907,3
matriz_500x500,500 500,paralelo,2,11947,2.951,4
matriz_500x500,500 500,paralelo,2,11947,3.207,5
matriz_500x500,500 500,paralelo,4,11947,2.512,1
matriz_500x500,500 500,paralelo,4,11947,2.484,2
matriz_500x500,500 500,paralelo,4,11947,2.513,3
matriz_500x500,500 500,paralelo,4,11947,2.436,4
matriz_500x500,500 500,paralelo,4,11947,2.399,5
matriz_500x500,500 500,paralelo,8,11947,2.071,1
matriz_500x500,500 500,paralelo,8,11947,1.996,2
matriz_500x500,500 500,paralelo,8,11947,2.042,3
matriz_500x500,500 500,paralelo,8,11947,1.953,4
matriz_500x500,500 500,paralelo,8,11947,1.974,5
matriz_1000x1000,1000 1000,sequencial,1,47911,15.295,1
matriz_1000x1000,1000 1000,sequencial,1,47911,15.787,2
matriz_1000x1000,1000 1000,sequencial,1,47911,15.570,3
matriz_1000x1000,1000 1000,sequencial,1,47911,15.524,4
matriz_1000x1000,1000 1000,sequencial,1,47911,15.721,5
matriz_1000x1000,1000 1000,paralelo,1,47911,17.371,1
matriz_1000x1000,1000 1000,paralelo,1,47911,17.421,2
matriz_1000x1000,1000 1000,paralelo,1,47911,17.312,3
matriz_1000x1000,1000 1000,paralelo,1,47911,17.469,4
matriz_1000x1000,1000 1000,paralelo,1,47911,17.950,5
matriz_1000x1000,1000 1000,paralelo,2,47911,10.832,1
matriz_1000x1000,1000 1000,paralelo,2,47911,10.854,2
matriz_1000x1000,1000 1000,paralelo,2,47911,10.421,3
matriz_1000x1000,1000 1000,paralelo,2,47911,10.755,4
matriz_1000x1000,1000 1000,paralelo,2,47911,10.506,5
matriz_1000x1000,1000 1000,paralelo,4,47911,7.826,1
matriz_1000x1000,1000 1000,paralelo,4,47911,7.811,2
matriz_1000x1000,1000 1000,paralelo,4,47911,8.010,3
matriz_1000x1000,1000 1000,paralelo,4,47911,8.020,4
matriz_1000x1000,1000 1000,paralelo,4,47911,8.291,5
matriz_1000x1000,1000 1000,paralelo,8,47911,7.204,1
matriz_1000x1000,1000 1000,paralelo,8,47911,6.793,2
matriz_1000x1000,1000 1000,paralelo,8,47911,6.981,3
matriz_1000x1000,1000 1000,paralelo,8,47911,6.989,4
matriz_1000x1000,1000 1000,paralelo,8,47911,7.685,5
matriz_2000x2000,2000 2000,sequencial,1,189564,61.456,1
matriz_2000x2000,2000 2000,sequencial,1,189564,61.178,2
matriz_2000x2000,2000 2000,sequencial,1,189564,61.823,3
matriz_2000x2000,2000 2000,sequencial,1,189564,61.919,4
matriz_2000x2000,2000 2000,sequencial,1,189564,62.160,5
matriz_2000x2000,2000 2000,paralelo,1,189564,68.932,1
matriz_2000x2000,2000 2000,paralelo,1,189564,68.373,2
matriz_2000x2000,2000 2000,paralelo,1,189564,70.107,3
matriz_2000x2000,2000 2000,paralelo,1,189564,70.643,4
matriz_2000x2000,2000 2000,paralelo,1,189564,70.266,5
matriz_2000x2000,2000 2000,paralelo,2,189564,41.575,1
matriz_2000x2000,2000 2000,paralelo,2,189564,42.204,2
matriz_2000x2000,2000 2000,paralelo,2,189564,41.623,3
matriz_2000x2000,2000 2000,paralelo,2,189564,42.384,4
matriz_2000x2000,2000 2000,paralelo,2,189564,42.659,5
matriz_2000x2000,2000 2000,paralelo,4,189564,29.939,1
matriz_2000x2000,2000 2000,paralelo,4,189564,29.499,2
matriz_2000x2000,2000 2000,paralelo,4,189564,29.531,3
matriz_2000x2000,2000 2000,paralelo,4,189564,29.686,4
matriz_2000x2000,2000 2000,paralelo,4,189564,29.560,5
matriz_2000x2000,2000 2000,paralelo,8,189564,25.657,1
matriz_2000x2000,2000 2000,paralelo,8,189564,26.112,2
matriz_2000x2000,2000 2000,paralelo,8,189564,28.354,3
matriz_2000x2000,2000 2000,paralelo,8,189564,26.211,4
matriz_2000x2000,2000 2000,paralelo,8,189564,26.700,5
