matriz,t_seq_ms,threads,t_par_ms,speedup,eficiencia
matriz_1000x1000,15.579,1,17.505,0.890,0.890
matriz_1000x1000,15.579,2,10.674,1.460,0.730
matriz_1000x1000,15.579,4,7.992,1.949,0.487
matriz_1000x1000,15.579,8,7.130,2.185,0.273
matriz_100x100,0.310,1,0.382,0.810,0.810
matriz_100x100,0.310,2,0.422,0.734,0.367
matriz_100x100,0.310,4,0.183,1.695,0.424
matriz_100x100,0.310,8,0.257,1.204,0.150
matriz_2000x2000,61.707,1,69.664,0.886,0.886
matriz_2000x2000,61.707,2,42.089,1.466,0.733
matriz_2000x2000,61.707,4,29.643,2.082,0.520
matriz_2000x2000,61.707,8,26.607,2.319,0.290
matriz_500x500,5.692,1,4.545,1.252,1.252
matriz_500x500,5.692,2,2.983,1.908,0.954
matriz_500x500,5.692,4,2.469,2.305,0.576
matriz_500x500,5.692,8,2.007,2.836,0.354
